Client,Project,Consultant,Rating,Comments
Acme Corp,Project 1,Emma Green,4.0,"Satisfactory, but communication could be better."
Acme Corp,Project 2,Mia Clark,4.5,"Exceeded expectations, very professional."
Acme Corp,Project 3,Benjamin Lewis,5.0,Project was completed successfully with high quality.
Acme Corp,Project 4,Ava Harris,3.5,"Exceeded expectations, very professional."
Acme Corp,Project 5,Charlotte Walker,3.5,"Great work, timely delivery!"
Tech Solutions,Project 6,Amelia Allen,4.0,"Exceeded expectations, very professional."
Tech Solutions,Project 7,Emma Green,4.5,"Great work, timely delivery!"
Tech Solutions,Project 8,Olivia Taylor,4.5,"Some delays, but quality was good."
Tech Solutions,Project 9,Michael Brown,4.0,"Good work, but needs minor improvements."
Tech Solutions,Project 10,Ethan Baker,5.0,"Good work, but needs minor improvements."
Innovate Ltd,Project 11,Mia Clark,5.0,"Some delays, but quality was good."
Innovate Ltd,Project 12,Olivia Taylor,4.5,"Exceeded expectations, very professional."
Innovate Ltd,Project 13,Sophia Martinez,3.5,"Great work, timely delivery!"
Innovate Ltd,Project 14,Isabella King,3.0,Project was completed successfully with high quality.
Global Systems,Project 15,Harper Adams,5.0,Project was completed successfully with high quality.
Global Systems,Project 16,Lucas Young,5.0,Project was completed successfully with high quality.
Global Systems,Project 17,Mason Scott,4.5,"Exceeded expectations, very professional."
Global Systems,Project 18,Henry Hall,3.0,Project was completed successfully with high quality.
Global Systems,Project 19,Emily Davis,3.5,Met deadlines and delivered as expected.
NextGen Analytics,Project 20,Sophia Martinez,3.5,"Some delays, but quality was good."
NextGen Analytics,Project 21,Olivia Taylor,4.0,"Some delays, but quality was good."
NextGen Analytics,Project 22,Benjamin Lewis,3.5,"Great work, timely delivery!"
NextGen Analytics,Project 23,Emma Green,5.0,"Satisfactory, but communication could be better."
NextGen Analytics,Project 24,Sophia Martinez,5.0,"Good work, but needs minor improvements."
