Consultant,Date,Hours,Client,Project
James Anderson,2/10/2024,3,Global Systems,Project 16
James Anderson,2/10/2024,7,Global Systems,Project 16
Sophia Martinez,2/10/2024,8,Global Systems,Project 16
Michael Brown,2/10/2024,6,Innovate Ltd,Project 11
Michael Brown,2/10/2024,1,Innovate Ltd,Project 12
Michael Brown,2/10/2024,8,Innovate Ltd,Project 12
Emily Davis,2/10/2024,8,Global Systems,Project 18
Emily Davis,2/10/2024,8,Global Systems,Project 16
Emily Davis,2/10/2024,7,Global Systems,Project 16
Emily Davis,2/10/2024,6,Global Systems,Project 19
Daniel Wilson,2/10/2024,2,Global Systems,Project 18
William Thomas,2/10/2024,5,NextGen Analytics,Project 24
Ava Harris,2/10/2024,7,Acme Corp,Project 1
Benjamin Lewis,2/10/2024,1,NextGen Analytics,Project 21
Benjamin Lewis,2/10/2024,4,NextGen Analytics,Project 21
Benjamin Lewis,2/10/2024,6,NextGen Analytics,Project 20
Charlotte Walker,2/10/2024,2,Acme Corp,Project 2
Charlotte Walker,2/10/2024,7,Acme Corp,Project 1
Henry Hall,2/10/2024,3,Acme Corp,Project 5
Henry Hall,2/10/2024,5,Acme Corp,Project 4
Henry Hall,2/10/2024,7,Acme Corp,Project 2
Lucas Young,2/10/2024,2,Tech Solutions,Project 8
Lucas Young,2/10/2024,5,Tech Solutions,Project 8
Emma Green,2/10/2024,1,NextGen Analytics,Project 24
Emma Green,2/10/2024,4,NextGen Analytics,Project 20
Ethan Baker,2/10/2024,8,Global Systems,Project 15
Ethan Baker,2/10/2024,5,Global Systems,Project 19
Harper Adams,2/10/2024,7,NextGen Analytics,Project 21
Harper Adams,2/10/2024,5,NextGen Analytics,Project 22
Sophia Martinez,2/9/2024,4,Global Systems,Project 16
Michael Brown,2/9/2024,3,Innovate Ltd,Project 12
Michael Brown,2/9/2024,4,Innovate Ltd,Project 14
Emily Davis,2/9/2024,2,Global Systems,Project 16
Daniel Wilson,2/9/2024,6,Global Systems,Project 17
Olivia Taylor,2/9/2024,8,NextGen Analytics,Project 24
William Thomas,2/9/2024,4,NextGen Analytics,Project 20
William Thomas,2/9/2024,6,NextGen Analytics,Project 22
William Thomas,2/9/2024,8,NextGen Analytics,Project 24
Ava Harris,2/9/2024,2,Acme Corp,Project 4
Ava Harris,2/9/2024,6,Acme Corp,Project 5
Alexander White,2/9/2024,3,Global Systems,Project 19
Mia Clark,2/9/2024,4,Innovate Ltd,Project 11
Mia Clark,2/9/2024,5,Innovate Ltd,Project 13
Benjamin Lewis,2/9/2024,5,NextGen Analytics,Project 24
Charlotte Walker,2/9/2024,7,Acme Corp,Project 2
Henry Hall,2/9/2024,7,Acme Corp,Project 2
Isabella King,2/9/2024,7,Global Systems,Project 18
Isabella King,2/9/2024,3,Global Systems,Project 15
Mason Scott,2/9/2024,2,NextGen Analytics,Project 24
Mason Scott,2/9/2024,7,NextGen Analytics,Project 22
Mason Scott,2/9/2024,1,NextGen Analytics,Project 22
Emma Green,2/9/2024,1,NextGen Analytics,Project 24
Ethan Baker,2/9/2024,1,Global Systems,Project 18
Harper Adams,2/9/2024,5,NextGen Analytics,Project 23
Harper Adams,2/9/2024,3,NextGen Analytics,Project 24
James Anderson,2/8/2024,2,Global Systems,Project 15
James Anderson,2/8/2024,7,Global Systems,Project 15
Sophia Martinez,2/8/2024,6,Global Systems,Project 15
Sophia Martinez,2/8/2024,2,Global Systems,Project 16
Michael Brown,2/8/2024,5,Innovate Ltd,Project 12
Michael Brown,2/8/2024,6,Innovate Ltd,Project 12
Michael Brown,2/8/2024,1,Innovate Ltd,Project 11
Emily Davis,2/8/2024,4,Global Systems,Project 18
Olivia Taylor,2/8/2024,2,NextGen Analytics,Project 23
Olivia Taylor,2/8/2024,4,NextGen Analytics,Project 23
William Thomas,2/8/2024,1,NextGen Analytics,Project 20
William Thomas,2/8/2024,4,NextGen Analytics,Project 23
William Thomas,2/8/2024,3,NextGen Analytics,Project 22
William Thomas,2/8/2024,3,NextGen Analytics,Project 20
Alexander White,2/8/2024,8,Global Systems,Project 18
Mia Clark,2/8/2024,3,Innovate Ltd,Project 12
Mia Clark,2/8/2024,6,Innovate Ltd,Project 12
Benjamin Lewis,2/8/2024,4,NextGen Analytics,Project 20
Charlotte Walker,2/8/2024,4,Acme Corp,Project 5
Charlotte Walker,2/8/2024,8,Acme Corp,Project 4
Amelia Allen,2/8/2024,2,Innovate Ltd,Project 13
Lucas Young,2/8/2024,2,Tech Solutions,Project 9
Isabella King,2/8/2024,8,Global Systems,Project 17
Mason Scott,2/8/2024,4,NextGen Analytics,Project 20
Mason Scott,2/8/2024,5,NextGen Analytics,Project 22
Mason Scott,2/8/2024,7,NextGen Analytics,Project 22
Emma Green,2/8/2024,4,NextGen Analytics,Project 22
Ethan Baker,2/8/2024,8,Global Systems,Project 17
Harper Adams,2/8/2024,6,NextGen Analytics,Project 22
Harper Adams,2/8/2024,5,NextGen Analytics,Project 22
James Anderson,2/7/2024,3,Global Systems,Project 17
James Anderson,2/7/2024,1,Global Systems,Project 17
Sophia Martinez,2/7/2024,2,Global Systems,Project 18
Michael Brown,2/7/2024,4,Innovate Ltd,Project 11
Michael Brown,2/7/2024,7,Innovate Ltd,Project 13
Emily Davis,2/7/2024,7,Global Systems,Project 16
Olivia Taylor,2/7/2024,3,NextGen Analytics,Project 23
William Thomas,2/7/2024,7,NextGen Analytics,Project 23
William Thomas,2/7/2024,1,NextGen Analytics,Project 24
Ava Harris,2/7/2024,4,Acme Corp,Project 3
Ava Harris,2/7/2024,7,Acme Corp,Project 4
Ava Harris,2/7/2024,2,Acme Corp,Project 5
Ava Harris,2/7/2024,1,Acme Corp,Project 2
Alexander White,2/7/2024,6,Global Systems,Project 17
Alexander White,2/7/2024,6,Global Systems,Project 15
Mia Clark,2/7/2024,3,Innovate Ltd,Project 12
Mia Clark,2/7/2024,1,Innovate Ltd,Project 14
Mia Clark,2/7/2024,7,Innovate Ltd,Project 12
Benjamin Lewis,2/7/2024,3,NextGen Analytics,Project 22
Benjamin Lewis,2/7/2024,5,NextGen Analytics,Project 24
Benjamin Lewis,2/7/2024,2,NextGen Analytics,Project 22
Benjamin Lewis,2/7/2024,2,NextGen Analytics,Project 20
Benjamin Lewis,2/7/2024,6,NextGen Analytics,Project 22
Benjamin Lewis,2/7/2024,4,NextGen Analytics,Project 23
Charlotte Walker,2/7/2024,3,Acme Corp,Project 2
Lucas Young,2/7/2024,6,Tech Solutions,Project 8
Isabella King,2/7/2024,2,Global Systems,Project 16
Isabella King,2/7/2024,2,Global Systems,Project 18
Mason Scott,2/7/2024,3,NextGen Analytics,Project 24
Mason Scott,2/7/2024,4,NextGen Analytics,Project 23
Emma Green,2/7/2024,6,NextGen Analytics,Project 21
Ethan Baker,2/7/2024,3,Global Systems,Project 19
Ethan Baker,2/7/2024,2,Global Systems,Project 17
Ethan Baker,2/7/2024,6,Global Systems,Project 18
Harper Adams,2/7/2024,5,NextGen Analytics,Project 22
Harper Adams,2/7/2024,8,NextGen Analytics,Project 22
Harper Adams,2/7/2024,1,NextGen Analytics,Project 24
James Anderson,2/6/2024,8,Global Systems,Project 18
Sophia Martinez,2/6/2024,4,Global Systems,Project 19
Sophia Martinez,2/6/2024,2,Global Systems,Project 15
Sophia Martinez,2/6/2024,6,Global Systems,Project 17
Michael Brown,2/6/2024,4,Innovate Ltd,Project 13
Michael Brown,2/6/2024,5,Innovate Ltd,Project 12
Daniel Wilson,2/6/2024,6,Global Systems,Project 15
Olivia Taylor,2/6/2024,2,NextGen Analytics,Project 20
Ava Harris,2/6/2024,4,Acme Corp,Project 2
Ava Harris,2/6/2024,5,Acme Corp,Project 5
Benjamin Lewis,2/6/2024,1,NextGen Analytics,Project 20
Charlotte Walker,2/6/2024,5,Acme Corp,Project 2
Charlotte Walker,2/6/2024,8,Acme Corp,Project 4
Charlotte Walker,2/6/2024,1,Acme Corp,Project 1
Charlotte Walker,2/6/2024,5,Acme Corp,Project 2
Henry Hall,2/6/2024,1,Acme Corp,Project 5
Henry Hall,2/6/2024,3,Acme Corp,Project 5
Henry Hall,2/6/2024,4,Acme Corp,Project 3
Amelia Allen,2/6/2024,6,Innovate Ltd,Project 12
Lucas Young,2/6/2024,6,Tech Solutions,Project 7
Lucas Young,2/6/2024,4,Tech Solutions,Project 7
Mason Scott,2/6/2024,8,NextGen Analytics,Project 20
Mason Scott,2/6/2024,7,NextGen Analytics,Project 20
Ethan Baker,2/6/2024,5,Global Systems,Project 16
Ethan Baker,2/6/2024,8,Global Systems,Project 18
Sophia Martinez,2/5/2024,2,Global Systems,Project 19
Sophia Martinez,2/5/2024,1,Global Systems,Project 17
Emily Davis,2/5/2024,1,Global Systems,Project 19
William Thomas,2/5/2024,2,NextGen Analytics,Project 21
Ava Harris,2/5/2024,1,Acme Corp,Project 4
Alexander White,2/5/2024,1,Global Systems,Project 16
Alexander White,2/5/2024,8,Global Systems,Project 18
Alexander White,2/5/2024,4,Global Systems,Project 15
Mia Clark,2/5/2024,5,Innovate Ltd,Project 12
Mia Clark,2/5/2024,3,Innovate Ltd,Project 14
Mia Clark,2/5/2024,8,Innovate Ltd,Project 14
Benjamin Lewis,2/5/2024,1,NextGen Analytics,Project 20
Henry Hall,2/5/2024,1,Acme Corp,Project 2
Amelia Allen,2/5/2024,6,Innovate Ltd,Project 13
Amelia Allen,2/5/2024,8,Innovate Ltd,Project 12
Lucas Young,2/5/2024,6,Tech Solutions,Project 9
Mason Scott,2/5/2024,4,NextGen Analytics,Project 21
Mason Scott,2/5/2024,5,NextGen Analytics,Project 20
Emma Green,2/5/2024,1,NextGen Analytics,Project 24
Ethan Baker,2/5/2024,4,Global Systems,Project 19
Harper Adams,2/5/2024,4,NextGen Analytics,Project 20
Harper Adams,2/5/2024,3,NextGen Analytics,Project 21
Harper Adams,2/5/2024,6,NextGen Analytics,Project 22
James Anderson,2/4/2024,2,Global Systems,Project 18
Sophia Martinez,2/4/2024,5,Global Systems,Project 16
Sophia Martinez,2/4/2024,7,Global Systems,Project 17
Sophia Martinez,2/4/2024,4,Global Systems,Project 19
Michael Brown,2/4/2024,8,Innovate Ltd,Project 13
Emily Davis,2/4/2024,1,Global Systems,Project 19
Daniel Wilson,2/4/2024,5,Global Systems,Project 16
Olivia Taylor,2/4/2024,4,NextGen Analytics,Project 21
Olivia Taylor,2/4/2024,8,NextGen Analytics,Project 22
Ava Harris,2/4/2024,1,Acme Corp,Project 1
Ava Harris,2/4/2024,5,Acme Corp,Project 1
Alexander White,2/4/2024,4,Global Systems,Project 18
Mia Clark,2/4/2024,1,Innovate Ltd,Project 12
Henry Hall,2/4/2024,6,Acme Corp,Project 4
Henry Hall,2/4/2024,4,Acme Corp,Project 1
Henry Hall,2/4/2024,6,Acme Corp,Project 5
Lucas Young,2/4/2024,2,Tech Solutions,Project 10
Lucas Young,2/4/2024,1,Tech Solutions,Project 7
Lucas Young,2/4/2024,7,Tech Solutions,Project 7
Lucas Young,2/4/2024,2,Tech Solutions,Project 7
Isabella King,2/4/2024,4,Global Systems,Project 18
Isabella King,2/4/2024,4,Global Systems,Project 16
Mason Scott,2/4/2024,4,NextGen Analytics,Project 21
Mason Scott,2/4/2024,1,NextGen Analytics,Project 21
Mason Scott,2/4/2024,6,NextGen Analytics,Project 23
Ethan Baker,2/4/2024,1,Global Systems,Project 17
Harper Adams,2/4/2024,7,NextGen Analytics,Project 22
Harper Adams,2/4/2024,1,NextGen Analytics,Project 20
Harper Adams,2/4/2024,8,NextGen Analytics,Project 24
James Anderson,2/3/2024,1,Global Systems,Project 19
Sophia Martinez,2/3/2024,6,Global Systems,Project 18
Sophia Martinez,2/3/2024,8,Global Systems,Project 17
Michael Brown,2/3/2024,5,Innovate Ltd,Project 12
Michael Brown,2/3/2024,2,Innovate Ltd,Project 12
Daniel Wilson,2/3/2024,7,Global Systems,Project 16
Daniel Wilson,2/3/2024,4,Global Systems,Project 19
Daniel Wilson,2/3/2024,2,Global Systems,Project 16
Daniel Wilson,2/3/2024,7,Global Systems,Project 16
Olivia Taylor,2/3/2024,7,NextGen Analytics,Project 21
Olivia Taylor,2/3/2024,4,NextGen Analytics,Project 24
William Thomas,2/3/2024,5,NextGen Analytics,Project 21
William Thomas,2/3/2024,2,NextGen Analytics,Project 20
Ava Harris,2/3/2024,6,Acme Corp,Project 3
Alexander White,2/3/2024,3,Global Systems,Project 18
Alexander White,2/3/2024,2,Global Systems,Project 16
Mia Clark,2/3/2024,1,Innovate Ltd,Project 14
Benjamin Lewis,2/3/2024,4,NextGen Analytics,Project 24
Benjamin Lewis,2/3/2024,7,NextGen Analytics,Project 23
Charlotte Walker,2/3/2024,6,Acme Corp,Project 1
Henry Hall,2/3/2024,8,Acme Corp,Project 4
Henry Hall,2/3/2024,3,Acme Corp,Project 2
Amelia Allen,2/3/2024,2,Innovate Ltd,Project 14
Amelia Allen,2/3/2024,6,Innovate Ltd,Project 12
Lucas Young,2/3/2024,4,Tech Solutions,Project 6
Isabella King,2/3/2024,7,Global Systems,Project 17
Isabella King,2/3/2024,1,Global Systems,Project 19
Isabella King,2/3/2024,8,Global Systems,Project 15
Mason Scott,2/3/2024,5,NextGen Analytics,Project 24
Emma Green,2/3/2024,5,NextGen Analytics,Project 23
Emma Green,2/3/2024,1,NextGen Analytics,Project 24
Emma Green,2/3/2024,2,NextGen Analytics,Project 21
Ethan Baker,2/3/2024,3,Global Systems,Project 16
Ethan Baker,2/3/2024,1,Global Systems,Project 15
Ethan Baker,2/3/2024,1,Global Systems,Project 19
Ethan Baker,2/3/2024,6,Global Systems,Project 19
Harper Adams,2/3/2024,6,NextGen Analytics,Project 22
Harper Adams,2/3/2024,3,NextGen Analytics,Project 24
Harper Adams,2/3/2024,8,NextGen Analytics,Project 24
Harper Adams,2/3/2024,8,NextGen Analytics,Project 24
James Anderson,2/2/2024,4,Global Systems,Project 16
Michael Brown,2/2/2024,2,Innovate Ltd,Project 11
Michael Brown,2/2/2024,6,Innovate Ltd,Project 14
Emily Davis,2/2/2024,7,Global Systems,Project 17
Emily Davis,2/2/2024,6,Global Systems,Project 16
William Thomas,2/2/2024,8,NextGen Analytics,Project 23
William Thomas,2/2/2024,2,NextGen Analytics,Project 22
Ava Harris,2/2/2024,6,Acme Corp,Project 2
Ava Harris,2/2/2024,4,Acme Corp,Project 4
Alexander White,2/2/2024,8,Global Systems,Project 18
Mia Clark,2/2/2024,1,Innovate Ltd,Project 12
Mia Clark,2/2/2024,8,Innovate Ltd,Project 11
Mia Clark,2/2/2024,2,Innovate Ltd,Project 11
Benjamin Lewis,2/2/2024,8,NextGen Analytics,Project 22
Benjamin Lewis,2/2/2024,6,NextGen Analytics,Project 21
Benjamin Lewis,2/2/2024,8,NextGen Analytics,Project 22
Benjamin Lewis,2/2/2024,7,NextGen Analytics,Project 24
Charlotte Walker,2/2/2024,6,Acme Corp,Project 1
Henry Hall,2/2/2024,4,Acme Corp,Project 3
Henry Hall,2/2/2024,5,Acme Corp,Project 4
Amelia Allen,2/2/2024,7,Innovate Ltd,Project 14
Lucas Young,2/2/2024,2,Tech Solutions,Project 7
Isabella King,2/2/2024,5,Global Systems,Project 15
Mason Scott,2/2/2024,1,NextGen Analytics,Project 22
Emma Green,2/2/2024,5,NextGen Analytics,Project 21
Emma Green,2/2/2024,3,NextGen Analytics,Project 20
Ethan Baker,2/2/2024,2,Global Systems,Project 15
Ethan Baker,2/2/2024,1,Global Systems,Project 17
Ethan Baker,2/2/2024,5,Global Systems,Project 17
James Anderson,2/1/2024,6,Global Systems,Project 16
James Anderson,2/1/2024,1,Global Systems,Project 16
Sophia Martinez,2/1/2024,4,Global Systems,Project 17
Sophia Martinez,2/1/2024,1,Global Systems,Project 15
Sophia Martinez,2/1/2024,7,Global Systems,Project 19
Michael Brown,2/1/2024,5,Innovate Ltd,Project 13
Michael Brown,2/1/2024,1,Innovate Ltd,Project 14
Michael Brown,2/1/2024,4,Innovate Ltd,Project 13
Emily Davis,2/1/2024,5,Global Systems,Project 18
Emily Davis,2/1/2024,3,Global Systems,Project 15
Emily Davis,2/1/2024,8,Global Systems,Project 15
Emily Davis,2/1/2024,4,Global Systems,Project 16
Emily Davis,2/1/2024,4,Global Systems,Project 17
Daniel Wilson,2/1/2024,1,Global Systems,Project 18
Olivia Taylor,2/1/2024,8,NextGen Analytics,Project 21
Olivia Taylor,2/1/2024,5,NextGen Analytics,Project 22
William Thomas,2/1/2024,8,NextGen Analytics,Project 20
William Thomas,2/1/2024,7,NextGen Analytics,Project 24
Ava Harris,2/1/2024,7,Acme Corp,Project 4
Alexander White,2/1/2024,6,Global Systems,Project 18
Mia Clark,2/1/2024,2,Innovate Ltd,Project 11
Mia Clark,2/1/2024,6,Innovate Ltd,Project 12
Benjamin Lewis,2/1/2024,6,NextGen Analytics,Project 23
Charlotte Walker,2/1/2024,7,Acme Corp,Project 3
Henry Hall,2/1/2024,7,Acme Corp,Project 1
Henry Hall,2/1/2024,1,Acme Corp,Project 4
Henry Hall,2/1/2024,7,Acme Corp,Project 2
Amelia Allen,2/1/2024,2,Innovate Ltd,Project 11
Lucas Young,2/1/2024,3,Tech Solutions,Project 9
Isabella King,2/1/2024,3,Global Systems,Project 19
Mason Scott,2/1/2024,3,NextGen Analytics,Project 21
Mason Scott,2/1/2024,1,NextGen Analytics,Project 21
Ethan Baker,2/1/2024,2,Global Systems,Project 17
Ethan Baker,2/1/2024,3,Global Systems,Project 16
Harper Adams,2/1/2024,4,NextGen Analytics,Project 21
James Anderson,1/31/2024,7,Global Systems,Project 17
James Anderson,1/31/2024,1,Global Systems,Project 18
Michael Brown,1/31/2024,8,Innovate Ltd,Project 13
Michael Brown,1/31/2024,7,Innovate Ltd,Project 14
Daniel Wilson,1/31/2024,6,Global Systems,Project 15
Daniel Wilson,1/31/2024,7,Global Systems,Project 16
Olivia Taylor,1/31/2024,1,NextGen Analytics,Project 22
Olivia Taylor,1/31/2024,1,NextGen Analytics,Project 23
William Thomas,1/31/2024,1,NextGen Analytics,Project 24
Ava Harris,1/31/2024,2,Acme Corp,Project 4
Mia Clark,1/31/2024,1,Innovate Ltd,Project 13
Mia Clark,1/31/2024,3,Innovate Ltd,Project 13
Benjamin Lewis,1/31/2024,3,NextGen Analytics,Project 24
Charlotte Walker,1/31/2024,2,Acme Corp,Project 1
Henry Hall,1/31/2024,7,Acme Corp,Project 2
Amelia Allen,1/31/2024,5,Innovate Ltd,Project 13
Amelia Allen,1/31/2024,4,Innovate Ltd,Project 12
Lucas Young,1/31/2024,8,Tech Solutions,Project 9
Lucas Young,1/31/2024,8,Tech Solutions,Project 10
Isabella King,1/31/2024,2,Global Systems,Project 17
Mason Scott,1/31/2024,2,NextGen Analytics,Project 24
Harper Adams,1/31/2024,5,NextGen Analytics,Project 24
Harper Adams,1/31/2024,6,NextGen Analytics,Project 22
Harper Adams,1/31/2024,7,NextGen Analytics,Project 22
Sophia Martinez,1/30/2024,8,Global Systems,Project 15
Sophia Martinez,1/30/2024,6,Global Systems,Project 15
Emily Davis,1/30/2024,5,Global Systems,Project 17
Emily Davis,1/30/2024,3,Global Systems,Project 16
Emily Davis,1/30/2024,4,Global Systems,Project 16
Daniel Wilson,1/30/2024,5,Global Systems,Project 19
Daniel Wilson,1/30/2024,8,Global Systems,Project 16
Daniel Wilson,1/30/2024,2,Global Systems,Project 18
Olivia Taylor,1/30/2024,7,NextGen Analytics,Project 20
William Thomas,1/30/2024,8,NextGen Analytics,Project 22
Mia Clark,1/30/2024,8,Innovate Ltd,Project 13
Mia Clark,1/30/2024,7,Innovate Ltd,Project 13
Mia Clark,1/30/2024,3,Innovate Ltd,Project 11
Benjamin Lewis,1/30/2024,2,NextGen Analytics,Project 21
Charlotte Walker,1/30/2024,2,Acme Corp,Project 4
Charlotte Walker,1/30/2024,7,Acme Corp,Project 4
Henry Hall,1/30/2024,1,Acme Corp,Project 2
Henry Hall,1/30/2024,1,Acme Corp,Project 1
Henry Hall,1/30/2024,6,Acme Corp,Project 3
Isabella King,1/30/2024,3,Global Systems,Project 17
Isabella King,1/30/2024,5,Global Systems,Project 15
Isabella King,1/30/2024,8,Global Systems,Project 19
Isabella King,1/30/2024,1,Global Systems,Project 19
Mason Scott,1/30/2024,8,NextGen Analytics,Project 23
Emma Green,1/30/2024,6,NextGen Analytics,Project 24
Emma Green,1/30/2024,6,NextGen Analytics,Project 20
Ethan Baker,1/30/2024,3,Global Systems,Project 19
Ethan Baker,1/30/2024,4,Global Systems,Project 15
Harper Adams,1/30/2024,6,NextGen Analytics,Project 21
James Anderson,1/29/2024,2,Global Systems,Project 15
James Anderson,1/29/2024,5,Global Systems,Project 16
James Anderson,1/29/2024,3,Global Systems,Project 17
James Anderson,1/29/2024,6,Global Systems,Project 18
James Anderson,1/29/2024,3,Global Systems,Project 16
James Anderson,1/29/2024,4,Global Systems,Project 17
Michael Brown,1/29/2024,7,Innovate Ltd,Project 11
Emily Davis,1/29/2024,3,Global Systems,Project 15
Emily Davis,1/29/2024,7,Global Systems,Project 16
Daniel Wilson,1/29/2024,6,Global Systems,Project 17
Olivia Taylor,1/29/2024,4,NextGen Analytics,Project 24
Olivia Taylor,1/29/2024,5,NextGen Analytics,Project 22
William Thomas,1/29/2024,1,NextGen Analytics,Project 22
William Thomas,1/29/2024,4,NextGen Analytics,Project 22
Ava Harris,1/29/2024,2,Acme Corp,Project 4
Ava Harris,1/29/2024,2,Acme Corp,Project 2
Ava Harris,1/29/2024,2,Acme Corp,Project 2
Alexander White,1/29/2024,5,Global Systems,Project 19
Mia Clark,1/29/2024,5,Innovate Ltd,Project 14
Benjamin Lewis,1/29/2024,1,NextGen Analytics,Project 21
Benjamin Lewis,1/29/2024,6,NextGen Analytics,Project 24
Charlotte Walker,1/29/2024,2,Acme Corp,Project 5
Charlotte Walker,1/29/2024,1,Acme Corp,Project 5
Charlotte Walker,1/29/2024,1,Acme Corp,Project 4
Henry Hall,1/29/2024,8,Acme Corp,Project 5
Henry Hall,1/29/2024,4,Acme Corp,Project 1
Amelia Allen,1/29/2024,6,Innovate Ltd,Project 11
Emma Green,1/29/2024,4,NextGen Analytics,Project 23
Emma Green,1/29/2024,6,NextGen Analytics,Project 20
Ethan Baker,1/29/2024,3,Global Systems,Project 16
Ethan Baker,1/29/2024,5,Global Systems,Project 16
Harper Adams,1/29/2024,5,NextGen Analytics,Project 20
Harper Adams,1/29/2024,6,NextGen Analytics,Project 24
James Anderson,1/28/2024,3,Global Systems,Project 16
James Anderson,1/28/2024,6,Global Systems,Project 18
James Anderson,1/28/2024,3,Global Systems,Project 17
Emily Davis,1/28/2024,4,Global Systems,Project 15
William Thomas,1/28/2024,7,NextGen Analytics,Project 22
Ava Harris,1/28/2024,3,Acme Corp,Project 2
Ava Harris,1/28/2024,1,Acme Corp,Project 2
Mia Clark,1/28/2024,4,Innovate Ltd,Project 12
Benjamin Lewis,1/28/2024,8,NextGen Analytics,Project 21
Charlotte Walker,1/28/2024,4,Acme Corp,Project 3
Charlotte Walker,1/28/2024,7,Acme Corp,Project 4
Charlotte Walker,1/28/2024,6,Acme Corp,Project 4
Charlotte Walker,1/28/2024,3,Acme Corp,Project 3
Charlotte Walker,1/28/2024,6,Acme Corp,Project 4
Henry Hall,1/28/2024,4,Acme Corp,Project 2
Henry Hall,1/28/2024,3,Acme Corp,Project 5
Henry Hall,1/28/2024,3,Acme Corp,Project 1
Amelia Allen,1/28/2024,3,Innovate Ltd,Project 11
Mason Scott,1/28/2024,2,NextGen Analytics,Project 21
Emma Green,1/28/2024,2,NextGen Analytics,Project 20
Ethan Baker,1/28/2024,7,Global Systems,Project 16
Ethan Baker,1/28/2024,8,Global Systems,Project 15
Ethan Baker,1/28/2024,6,Global Systems,Project 15
Ethan Baker,1/28/2024,2,Global Systems,Project 17
Ethan Baker,1/28/2024,6,Global Systems,Project 17
James Anderson,1/27/2024,2,Global Systems,Project 16
James Anderson,1/27/2024,1,Global Systems,Project 16
Sophia Martinez,1/27/2024,7,Global Systems,Project 17
Sophia Martinez,1/27/2024,1,Global Systems,Project 17
Emily Davis,1/27/2024,6,Global Systems,Project 15
Emily Davis,1/27/2024,4,Global Systems,Project 15
Emily Davis,1/27/2024,8,Global Systems,Project 15
Daniel Wilson,1/27/2024,5,Global Systems,Project 17
Daniel Wilson,1/27/2024,4,Global Systems,Project 16
Olivia Taylor,1/27/2024,7,NextGen Analytics,Project 22
Olivia Taylor,1/27/2024,2,NextGen Analytics,Project 22
William Thomas,1/27/2024,7,NextGen Analytics,Project 22
William Thomas,1/27/2024,2,NextGen Analytics,Project 21
William Thomas,1/27/2024,6,NextGen Analytics,Project 22
Ava Harris,1/27/2024,3,Acme Corp,Project 3
Ava Harris,1/27/2024,6,Acme Corp,Project 5
Alexander White,1/27/2024,8,Global Systems,Project 16
Mia Clark,1/27/2024,6,Innovate Ltd,Project 13
Mia Clark,1/27/2024,7,Innovate Ltd,Project 14
Benjamin Lewis,1/27/2024,2,NextGen Analytics,Project 24
Benjamin Lewis,1/27/2024,6,NextGen Analytics,Project 24
Benjamin Lewis,1/27/2024,1,NextGen Analytics,Project 20
Benjamin Lewis,1/27/2024,3,NextGen Analytics,Project 21
Henry Hall,1/27/2024,7,Acme Corp,Project 1
Amelia Allen,1/27/2024,5,Innovate Ltd,Project 12
Lucas Young,1/27/2024,8,Tech Solutions,Project 6
Isabella King,1/27/2024,1,Global Systems,Project 17
Mason Scott,1/27/2024,7,NextGen Analytics,Project 21
Emma Green,1/27/2024,7,NextGen Analytics,Project 20
Emma Green,1/27/2024,3,NextGen Analytics,Project 20
Ethan Baker,1/27/2024,1,Global Systems,Project 17
Harper Adams,1/27/2024,2,NextGen Analytics,Project 21
James Anderson,1/26/2024,4,Global Systems,Project 15
Sophia Martinez,1/26/2024,3,Global Systems,Project 17
Michael Brown,1/26/2024,8,Innovate Ltd,Project 14
Michael Brown,1/26/2024,3,Innovate Ltd,Project 13
Emily Davis,1/26/2024,3,Global Systems,Project 15
Emily Davis,1/26/2024,4,Global Systems,Project 19
Emily Davis,1/26/2024,5,Global Systems,Project 17
Daniel Wilson,1/26/2024,3,Global Systems,Project 17
Daniel Wilson,1/26/2024,4,Global Systems,Project 18
William Thomas,1/26/2024,2,NextGen Analytics,Project 20
William Thomas,1/26/2024,1,NextGen Analytics,Project 20
William Thomas,1/26/2024,4,NextGen Analytics,Project 21
Alexander White,1/26/2024,7,Global Systems,Project 19
Alexander White,1/26/2024,2,Global Systems,Project 17
Mia Clark,1/26/2024,5,Innovate Ltd,Project 11
Mia Clark,1/26/2024,6,Innovate Ltd,Project 14
Benjamin Lewis,1/26/2024,1,NextGen Analytics,Project 22
Benjamin Lewis,1/26/2024,7,NextGen Analytics,Project 24
Henry Hall,1/26/2024,7,Acme Corp,Project 4
Henry Hall,1/26/2024,2,Acme Corp,Project 4
Amelia Allen,1/26/2024,4,Innovate Ltd,Project 11
Amelia Allen,1/26/2024,7,Innovate Ltd,Project 13
Lucas Young,1/26/2024,1,Tech Solutions,Project 7
Isabella King,1/26/2024,1,Global Systems,Project 15
Mason Scott,1/26/2024,7,NextGen Analytics,Project 22
Emma Green,1/26/2024,4,NextGen Analytics,Project 24
Emma Green,1/26/2024,2,NextGen Analytics,Project 24
Emma Green,1/26/2024,1,NextGen Analytics,Project 24
Ethan Baker,1/26/2024,3,Global Systems,Project 18
Harper Adams,1/26/2024,6,NextGen Analytics,Project 23
James Anderson,1/25/2024,2,Global Systems,Project 18
James Anderson,1/25/2024,6,Global Systems,Project 19
James Anderson,1/25/2024,7,Global Systems,Project 18
Emily Davis,1/25/2024,6,Global Systems,Project 19
Emily Davis,1/25/2024,3,Global Systems,Project 18
Emily Davis,1/25/2024,2,Global Systems,Project 16
Daniel Wilson,1/25/2024,4,Global Systems,Project 18
Olivia Taylor,1/25/2024,8,NextGen Analytics,Project 22
Olivia Taylor,1/25/2024,1,NextGen Analytics,Project 24
William Thomas,1/25/2024,7,NextGen Analytics,Project 23
William Thomas,1/25/2024,1,NextGen Analytics,Project 23
Ava Harris,1/25/2024,5,Acme Corp,Project 4
Alexander White,1/25/2024,6,Global Systems,Project 18
Alexander White,1/25/2024,1,Global Systems,Project 15
Alexander White,1/25/2024,2,Global Systems,Project 19
Mia Clark,1/25/2024,7,Innovate Ltd,Project 11
Benjamin Lewis,1/25/2024,6,NextGen Analytics,Project 21
Benjamin Lewis,1/25/2024,2,NextGen Analytics,Project 24
Henry Hall,1/25/2024,1,Acme Corp,Project 3
Amelia Allen,1/25/2024,5,Innovate Ltd,Project 14
Lucas Young,1/25/2024,3,Tech Solutions,Project 10
Lucas Young,1/25/2024,2,Tech Solutions,Project 6
Isabella King,1/25/2024,7,Global Systems,Project 15
Mason Scott,1/25/2024,6,NextGen Analytics,Project 22
Emma Green,1/25/2024,2,NextGen Analytics,Project 20
Emma Green,1/25/2024,3,NextGen Analytics,Project 24
Michael Brown,1/24/2024,4,Innovate Ltd,Project 13
Emily Davis,1/24/2024,5,Global Systems,Project 17
Emily Davis,1/24/2024,5,Global Systems,Project 15
Emily Davis,1/24/2024,2,Global Systems,Project 18
Daniel Wilson,1/24/2024,4,Global Systems,Project 19
Olivia Taylor,1/24/2024,3,NextGen Analytics,Project 23
Olivia Taylor,1/24/2024,6,NextGen Analytics,Project 23
Ava Harris,1/24/2024,7,Acme Corp,Project 1
Ava Harris,1/24/2024,1,Acme Corp,Project 5
Alexander White,1/24/2024,3,Global Systems,Project 19
Mia Clark,1/24/2024,5,Innovate Ltd,Project 13
Mia Clark,1/24/2024,6,Innovate Ltd,Project 11
Mia Clark,1/24/2024,5,Innovate Ltd,Project 12
Mia Clark,1/24/2024,5,Innovate Ltd,Project 13
Mia Clark,1/24/2024,7,Innovate Ltd,Project 13
Benjamin Lewis,1/24/2024,6,NextGen Analytics,Project 20
Amelia Allen,1/24/2024,5,Innovate Ltd,Project 12
Amelia Allen,1/24/2024,8,Innovate Ltd,Project 14
Amelia Allen,1/24/2024,2,Innovate Ltd,Project 12
Lucas Young,1/24/2024,1,Tech Solutions,Project 6
Lucas Young,1/24/2024,2,Tech Solutions,Project 10
Isabella King,1/24/2024,8,Global Systems,Project 18
Isabella King,1/24/2024,6,Global Systems,Project 19
Mason Scott,1/24/2024,5,NextGen Analytics,Project 22
Emma Green,1/24/2024,2,NextGen Analytics,Project 21
Emma Green,1/24/2024,7,NextGen Analytics,Project 21
Emma Green,1/24/2024,3,NextGen Analytics,Project 20
Ethan Baker,1/24/2024,8,Global Systems,Project 17
Harper Adams,1/24/2024,8,NextGen Analytics,Project 23
James Anderson,1/23/2024,4,Global Systems,Project 17
Sophia Martinez,1/23/2024,1,Global Systems,Project 19
Michael Brown,1/23/2024,7,Innovate Ltd,Project 13
Michael Brown,1/23/2024,7,Innovate Ltd,Project 11
Michael Brown,1/23/2024,3,Innovate Ltd,Project 13
Michael Brown,1/23/2024,1,Innovate Ltd,Project 14
Emily Davis,1/23/2024,6,Global Systems,Project 19
Daniel Wilson,1/23/2024,3,Global Systems,Project 17
Daniel Wilson,1/23/2024,1,Global Systems,Project 17
Olivia Taylor,1/23/2024,6,NextGen Analytics,Project 22
Olivia Taylor,1/23/2024,5,NextGen Analytics,Project 21
Olivia Taylor,1/23/2024,4,NextGen Analytics,Project 20
Olivia Taylor,1/23/2024,5,NextGen Analytics,Project 24
William Thomas,1/23/2024,4,NextGen Analytics,Project 22
William Thomas,1/23/2024,1,NextGen Analytics,Project 22
Benjamin Lewis,1/23/2024,8,NextGen Analytics,Project 20
Charlotte Walker,1/23/2024,5,Acme Corp,Project 3
Charlotte Walker,1/23/2024,6,Acme Corp,Project 1
Charlotte Walker,1/23/2024,8,Acme Corp,Project 5
Charlotte Walker,1/23/2024,1,Acme Corp,Project 5
Henry Hall,1/23/2024,5,Acme Corp,Project 1
Lucas Young,1/23/2024,8,Tech Solutions,Project 8
Lucas Young,1/23/2024,1,Tech Solutions,Project 10
Lucas Young,1/23/2024,7,Tech Solutions,Project 8
Mason Scott,1/23/2024,2,NextGen Analytics,Project 23
Emma Green,1/23/2024,1,NextGen Analytics,Project 22
Emma Green,1/23/2024,6,NextGen Analytics,Project 20
Emma Green,1/23/2024,5,NextGen Analytics,Project 21
Ethan Baker,1/23/2024,1,Global Systems,Project 18
James Anderson,1/22/2024,8,Global Systems,Project 18
James Anderson,1/22/2024,6,Global Systems,Project 18
Michael Brown,1/22/2024,6,Innovate Ltd,Project 11
Emily Davis,1/22/2024,1,Global Systems,Project 19
Emily Davis,1/22/2024,2,Global Systems,Project 16
Emily Davis,1/22/2024,4,Global Systems,Project 17
Daniel Wilson,1/22/2024,2,Global Systems,Project 18
Daniel Wilson,1/22/2024,7,Global Systems,Project 16
Olivia Taylor,1/22/2024,1,NextGen Analytics,Project 23
Ava Harris,1/22/2024,7,Acme Corp,Project 2
Mia Clark,1/22/2024,2,Innovate Ltd,Project 13
Benjamin Lewis,1/22/2024,4,NextGen Analytics,Project 21
Benjamin Lewis,1/22/2024,3,NextGen Analytics,Project 24
Henry Hall,1/22/2024,7,Acme Corp,Project 3
Henry Hall,1/22/2024,3,Acme Corp,Project 4
Lucas Young,1/22/2024,4,Tech Solutions,Project 9
Lucas Young,1/22/2024,8,Tech Solutions,Project 6
Isabella King,1/22/2024,6,Global Systems,Project 17
Isabella King,1/22/2024,8,Global Systems,Project 18
Mason Scott,1/22/2024,4,NextGen Analytics,Project 22
Mason Scott,1/22/2024,6,NextGen Analytics,Project 24
Mason Scott,1/22/2024,2,NextGen Analytics,Project 20
Mason Scott,1/22/2024,4,NextGen Analytics,Project 20
Emma Green,1/22/2024,7,NextGen Analytics,Project 20
Ethan Baker,1/22/2024,4,Global Systems,Project 16
Ethan Baker,1/22/2024,7,Global Systems,Project 16
Ethan Baker,1/22/2024,7,Global Systems,Project 17
Harper Adams,1/22/2024,3,NextGen Analytics,Project 21
Harper Adams,1/22/2024,4,NextGen Analytics,Project 21
Harper Adams,1/22/2024,4,NextGen Analytics,Project 20
Sophia Martinez,1/21/2024,3,Global Systems,Project 19
Sophia Martinez,1/21/2024,3,Global Systems,Project 16
Michael Brown,1/21/2024,7,Innovate Ltd,Project 14
Emily Davis,1/21/2024,7,Global Systems,Project 16
Emily Davis,1/21/2024,7,Global Systems,Project 19
Daniel Wilson,1/21/2024,7,Global Systems,Project 19
Daniel Wilson,1/21/2024,7,Global Systems,Project 17
Olivia Taylor,1/21/2024,7,NextGen Analytics,Project 24
Olivia Taylor,1/21/2024,3,NextGen Analytics,Project 22
Ava Harris,1/21/2024,8,Acme Corp,Project 3
Mia Clark,1/21/2024,7,Innovate Ltd,Project 14
Mia Clark,1/21/2024,1,Innovate Ltd,Project 13
Benjamin Lewis,1/21/2024,5,NextGen Analytics,Project 22
Charlotte Walker,1/21/2024,8,Acme Corp,Project 3
Charlotte Walker,1/21/2024,7,Acme Corp,Project 1
Charlotte Walker,1/21/2024,1,Acme Corp,Project 2
Charlotte Walker,1/21/2024,6,Acme Corp,Project 5
Henry Hall,1/21/2024,5,Acme Corp,Project 3
Amelia Allen,1/21/2024,7,Innovate Ltd,Project 11
Amelia Allen,1/21/2024,5,Innovate Ltd,Project 14
Amelia Allen,1/21/2024,2,Innovate Ltd,Project 14
Amelia Allen,1/21/2024,3,Innovate Ltd,Project 13
Emma Green,1/21/2024,3,NextGen Analytics,Project 20
Emma Green,1/21/2024,8,NextGen Analytics,Project 20
Emma Green,1/21/2024,3,NextGen Analytics,Project 22
Harper Adams,1/21/2024,1,NextGen Analytics,Project 23
James Anderson,1/20/2024,1,Global Systems,Project 17
Sophia Martinez,1/20/2024,1,Global Systems,Project 15
Michael Brown,1/20/2024,3,Innovate Ltd,Project 13
Michael Brown,1/20/2024,8,Innovate Ltd,Project 14
Daniel Wilson,1/20/2024,8,Global Systems,Project 15
Olivia Taylor,1/20/2024,7,NextGen Analytics,Project 21
William Thomas,1/20/2024,6,NextGen Analytics,Project 21
Ava Harris,1/20/2024,7,Acme Corp,Project 1
Ava Harris,1/20/2024,4,Acme Corp,Project 5
Alexander White,1/20/2024,4,Global Systems,Project 19
Mia Clark,1/20/2024,6,Innovate Ltd,Project 13
Mia Clark,1/20/2024,7,Innovate Ltd,Project 14
Mia Clark,1/20/2024,2,Innovate Ltd,Project 12
Benjamin Lewis,1/20/2024,3,NextGen Analytics,Project 24
Benjamin Lewis,1/20/2024,7,NextGen Analytics,Project 22
Benjamin Lewis,1/20/2024,7,NextGen Analytics,Project 22
Amelia Allen,1/20/2024,3,Innovate Ltd,Project 13
Lucas Young,1/20/2024,2,Tech Solutions,Project 8
Lucas Young,1/20/2024,2,Tech Solutions,Project 10
Mason Scott,1/20/2024,1,NextGen Analytics,Project 20
Mason Scott,1/20/2024,7,NextGen Analytics,Project 22
James Anderson,1/19/2024,1,Global Systems,Project 15
James Anderson,1/19/2024,8,Global Systems,Project 15
James Anderson,1/19/2024,2,Global Systems,Project 18
Michael Brown,1/19/2024,6,Innovate Ltd,Project 13
Emily Davis,1/19/2024,5,Global Systems,Project 16
Emily Davis,1/19/2024,4,Global Systems,Project 19
Daniel Wilson,1/19/2024,1,Global Systems,Project 17
Daniel Wilson,1/19/2024,8,Global Systems,Project 15
Olivia Taylor,1/19/2024,3,NextGen Analytics,Project 23
Olivia Taylor,1/19/2024,3,NextGen Analytics,Project 24
William Thomas,1/19/2024,3,NextGen Analytics,Project 20
Ava Harris,1/19/2024,4,Acme Corp,Project 2
Ava Harris,1/19/2024,2,Acme Corp,Project 1
Alexander White,1/19/2024,5,Global Systems,Project 18
Mia Clark,1/19/2024,6,Innovate Ltd,Project 11
Mia Clark,1/19/2024,2,Innovate Ltd,Project 13
Mia Clark,1/19/2024,3,Innovate Ltd,Project 13
Benjamin Lewis,1/19/2024,3,NextGen Analytics,Project 22
Benjamin Lewis,1/19/2024,3,NextGen Analytics,Project 20
Benjamin Lewis,1/19/2024,5,NextGen Analytics,Project 20
Benjamin Lewis,1/19/2024,4,NextGen Analytics,Project 21
Benjamin Lewis,1/19/2024,4,NextGen Analytics,Project 24
Charlotte Walker,1/19/2024,3,Acme Corp,Project 1
Charlotte Walker,1/19/2024,2,Acme Corp,Project 5
Henry Hall,1/19/2024,4,Acme Corp,Project 2
Henry Hall,1/19/2024,5,Acme Corp,Project 3
Amelia Allen,1/19/2024,3,Innovate Ltd,Project 11
Isabella King,1/19/2024,6,Global Systems,Project 17
Mason Scott,1/19/2024,3,NextGen Analytics,Project 22
Ethan Baker,1/19/2024,8,Global Systems,Project 18
Ethan Baker,1/19/2024,3,Global Systems,Project 17
Ethan Baker,1/19/2024,4,Global Systems,Project 16
Harper Adams,1/19/2024,3,NextGen Analytics,Project 23
Harper Adams,1/19/2024,4,NextGen Analytics,Project 22
Michael Brown,1/18/2024,2,Innovate Ltd,Project 12
Emily Davis,1/18/2024,8,Global Systems,Project 18
Daniel Wilson,1/18/2024,7,Global Systems,Project 17
Olivia Taylor,1/18/2024,6,NextGen Analytics,Project 22
Olivia Taylor,1/18/2024,7,NextGen Analytics,Project 20
Olivia Taylor,1/18/2024,7,NextGen Analytics,Project 22
William Thomas,1/18/2024,2,NextGen Analytics,Project 23
William Thomas,1/18/2024,8,NextGen Analytics,Project 24
William Thomas,1/18/2024,5,NextGen Analytics,Project 23
Alexander White,1/18/2024,7,Global Systems,Project 15
Alexander White,1/18/2024,7,Global Systems,Project 16
Alexander White,1/18/2024,8,Global Systems,Project 17
Mia Clark,1/18/2024,4,Innovate Ltd,Project 12
Mia Clark,1/18/2024,8,Innovate Ltd,Project 13
Mia Clark,1/18/2024,6,Innovate Ltd,Project 11
Benjamin Lewis,1/18/2024,2,NextGen Analytics,Project 23
Charlotte Walker,1/18/2024,3,Acme Corp,Project 5
Henry Hall,1/18/2024,4,Acme Corp,Project 3
Mason Scott,1/18/2024,2,NextGen Analytics,Project 23
Mason Scott,1/18/2024,6,NextGen Analytics,Project 22
Emma Green,1/18/2024,7,NextGen Analytics,Project 21
Emma Green,1/18/2024,3,NextGen Analytics,Project 21
Emma Green,1/18/2024,3,NextGen Analytics,Project 22
Harper Adams,1/18/2024,4,NextGen Analytics,Project 24
James Anderson,1/17/2024,1,Global Systems,Project 18
James Anderson,1/17/2024,1,Global Systems,Project 15
Sophia Martinez,1/17/2024,3,Global Systems,Project 17
Sophia Martinez,1/17/2024,3,Global Systems,Project 16
Michael Brown,1/17/2024,5,Innovate Ltd,Project 11
Emily Davis,1/17/2024,5,Global Systems,Project 17
Emily Davis,1/17/2024,6,Global Systems,Project 18
Daniel Wilson,1/17/2024,3,Global Systems,Project 15
Olivia Taylor,1/17/2024,6,NextGen Analytics,Project 20
Olivia Taylor,1/17/2024,4,NextGen Analytics,Project 23
William Thomas,1/17/2024,5,NextGen Analytics,Project 21
Ava Harris,1/17/2024,5,Acme Corp,Project 1
Ava Harris,1/17/2024,7,Acme Corp,Project 3
Ava Harris,1/17/2024,4,Acme Corp,Project 2
Mia Clark,1/17/2024,1,Innovate Ltd,Project 13
Mia Clark,1/17/2024,6,Innovate Ltd,Project 11
Benjamin Lewis,1/17/2024,5,NextGen Analytics,Project 20
Benjamin Lewis,1/17/2024,5,NextGen Analytics,Project 20
Charlotte Walker,1/17/2024,3,Acme Corp,Project 5
Charlotte Walker,1/17/2024,6,Acme Corp,Project 4
Charlotte Walker,1/17/2024,8,Acme Corp,Project 5
Henry Hall,1/17/2024,8,Acme Corp,Project 4
Henry Hall,1/17/2024,1,Acme Corp,Project 4
Henry Hall,1/17/2024,2,Acme Corp,Project 2
Lucas Young,1/17/2024,6,Tech Solutions,Project 10
Isabella King,1/17/2024,2,Global Systems,Project 19
Isabella King,1/17/2024,6,Global Systems,Project 15
Isabella King,1/17/2024,2,Global Systems,Project 19
Isabella King,1/17/2024,2,Global Systems,Project 19
Isabella King,1/17/2024,2,Global Systems,Project 18
Mason Scott,1/17/2024,3,NextGen Analytics,Project 23
Emma Green,1/17/2024,6,NextGen Analytics,Project 20
Ethan Baker,1/17/2024,4,Global Systems,Project 18
Harper Adams,1/17/2024,5,NextGen Analytics,Project 20
James Anderson,1/16/2024,2,Global Systems,Project 16
Michael Brown,1/16/2024,6,Innovate Ltd,Project 14
Emily Davis,1/16/2024,1,Global Systems,Project 19
Emily Davis,1/16/2024,8,Global Systems,Project 19
Emily Davis,1/16/2024,8,Global Systems,Project 16
Olivia Taylor,1/16/2024,6,NextGen Analytics,Project 20
Olivia Taylor,1/16/2024,3,NextGen Analytics,Project 20
William Thomas,1/16/2024,1,NextGen Analytics,Project 20
William Thomas,1/16/2024,1,NextGen Analytics,Project 21
Ava Harris,1/16/2024,7,Acme Corp,Project 4
Alexander White,1/16/2024,8,Global Systems,Project 17
Alexander White,1/16/2024,2,Global Systems,Project 15
Mia Clark,1/16/2024,2,Innovate Ltd,Project 13
Benjamin Lewis,1/16/2024,4,NextGen Analytics,Project 22
Benjamin Lewis,1/16/2024,6,NextGen Analytics,Project 21
Benjamin Lewis,1/16/2024,1,NextGen Analytics,Project 20
Charlotte Walker,1/16/2024,1,Acme Corp,Project 5
Charlotte Walker,1/16/2024,3,Acme Corp,Project 3
Charlotte Walker,1/16/2024,2,Acme Corp,Project 3
Henry Hall,1/16/2024,5,Acme Corp,Project 4
Henry Hall,1/16/2024,7,Acme Corp,Project 1
Henry Hall,1/16/2024,1,Acme Corp,Project 5
Amelia Allen,1/16/2024,8,Innovate Ltd,Project 12
Mason Scott,1/16/2024,7,NextGen Analytics,Project 22
Mason Scott,1/16/2024,8,NextGen Analytics,Project 21
Mason Scott,1/16/2024,3,NextGen Analytics,Project 24
Emma Green,1/16/2024,5,NextGen Analytics,Project 22
Harper Adams,1/16/2024,7,NextGen Analytics,Project 22
Harper Adams,1/16/2024,6,NextGen Analytics,Project 24
Sophia Martinez,1/15/2024,6,Global Systems,Project 19
Michael Brown,1/15/2024,2,Innovate Ltd,Project 12
Michael Brown,1/15/2024,2,Innovate Ltd,Project 14
Michael Brown,1/15/2024,2,Innovate Ltd,Project 13
Michael Brown,1/15/2024,7,Innovate Ltd,Project 14
Emily Davis,1/15/2024,8,Global Systems,Project 17
Olivia Taylor,1/15/2024,3,NextGen Analytics,Project 20
Olivia Taylor,1/15/2024,8,NextGen Analytics,Project 22
Ava Harris,1/15/2024,5,Acme Corp,Project 3
Ava Harris,1/15/2024,7,Acme Corp,Project 1
Ava Harris,1/15/2024,6,Acme Corp,Project 3
Ava Harris,1/15/2024,3,Acme Corp,Project 3
Alexander White,1/15/2024,8,Global Systems,Project 18
Mia Clark,1/15/2024,3,Innovate Ltd,Project 11
Mia Clark,1/15/2024,7,Innovate Ltd,Project 14
Benjamin Lewis,1/15/2024,3,NextGen Analytics,Project 24
Benjamin Lewis,1/15/2024,8,NextGen Analytics,Project 22
Henry Hall,1/15/2024,1,Acme Corp,Project 2
Henry Hall,1/15/2024,8,Acme Corp,Project 3
Amelia Allen,1/15/2024,8,Innovate Ltd,Project 11
Mason Scott,1/15/2024,4,NextGen Analytics,Project 24
Mason Scott,1/15/2024,7,NextGen Analytics,Project 20
Mason Scott,1/15/2024,7,NextGen Analytics,Project 21
Emma Green,1/15/2024,4,NextGen Analytics,Project 23
Emma Green,1/15/2024,8,NextGen Analytics,Project 23
Emma Green,1/15/2024,2,NextGen Analytics,Project 21
Emma Green,1/15/2024,4,NextGen Analytics,Project 21
Emma Green,1/15/2024,5,NextGen Analytics,Project 23
Ethan Baker,1/15/2024,3,Global Systems,Project 18
Sophia Martinez,1/14/2024,7,Global Systems,Project 17
Michael Brown,1/14/2024,1,Innovate Ltd,Project 14
Michael Brown,1/14/2024,5,Innovate Ltd,Project 11
Michael Brown,1/14/2024,3,Innovate Ltd,Project 11
Michael Brown,1/14/2024,1,Innovate Ltd,Project 11
Emily Davis,1/14/2024,5,Global Systems,Project 19
Daniel Wilson,1/14/2024,1,Global Systems,Project 19
William Thomas,1/14/2024,4,NextGen Analytics,Project 22
William Thomas,1/14/2024,6,NextGen Analytics,Project 22
William Thomas,1/14/2024,7,NextGen Analytics,Project 24
Ava Harris,1/14/2024,6,Acme Corp,Project 5
Alexander White,1/14/2024,3,Global Systems,Project 18
Alexander White,1/14/2024,8,Global Systems,Project 15
Mia Clark,1/14/2024,7,Innovate Ltd,Project 12
Benjamin Lewis,1/14/2024,8,NextGen Analytics,Project 23
Charlotte Walker,1/14/2024,5,Acme Corp,Project 3
Charlotte Walker,1/14/2024,4,Acme Corp,Project 5
Henry Hall,1/14/2024,5,Acme Corp,Project 4
Henry Hall,1/14/2024,6,Acme Corp,Project 3
Henry Hall,1/14/2024,8,Acme Corp,Project 3
Henry Hall,1/14/2024,2,Acme Corp,Project 2
Amelia Allen,1/14/2024,6,Innovate Ltd,Project 13
Mason Scott,1/14/2024,2,NextGen Analytics,Project 20
Ethan Baker,1/14/2024,3,Global Systems,Project 19
Ethan Baker,1/14/2024,1,Global Systems,Project 19
Harper Adams,1/14/2024,8,NextGen Analytics,Project 21
Harper Adams,1/14/2024,2,NextGen Analytics,Project 23
Harper Adams,1/14/2024,2,NextGen Analytics,Project 24
Harper Adams,1/14/2024,6,NextGen Analytics,Project 21
James Anderson,1/13/2024,8,Global Systems,Project 19
James Anderson,1/13/2024,5,Global Systems,Project 16
Michael Brown,1/13/2024,5,Innovate Ltd,Project 11
Michael Brown,1/13/2024,2,Innovate Ltd,Project 12
Michael Brown,1/13/2024,6,Innovate Ltd,Project 14
Emily Davis,1/13/2024,3,Global Systems,Project 18
Daniel Wilson,1/13/2024,3,Global Systems,Project 16
Daniel Wilson,1/13/2024,8,Global Systems,Project 19
Daniel Wilson,1/13/2024,1,Global Systems,Project 19
Daniel Wilson,1/13/2024,7,Global Systems,Project 19
Olivia Taylor,1/13/2024,2,NextGen Analytics,Project 23
William Thomas,1/13/2024,7,NextGen Analytics,Project 24
William Thomas,1/13/2024,4,NextGen Analytics,Project 22
Ava Harris,1/13/2024,7,Acme Corp,Project 2
Alexander White,1/13/2024,3,Global Systems,Project 16
Mia Clark,1/13/2024,8,Innovate Ltd,Project 14
Mia Clark,1/13/2024,4,Innovate Ltd,Project 14
Mia Clark,1/13/2024,4,Innovate Ltd,Project 14
Benjamin Lewis,1/13/2024,8,NextGen Analytics,Project 21
Charlotte Walker,1/13/2024,2,Acme Corp,Project 5
Charlotte Walker,1/13/2024,4,Acme Corp,Project 5
Henry Hall,1/13/2024,1,Acme Corp,Project 3
Isabella King,1/13/2024,5,Global Systems,Project 15
Mason Scott,1/13/2024,3,NextGen Analytics,Project 21
Emma Green,1/13/2024,5,NextGen Analytics,Project 23
Ethan Baker,1/13/2024,8,Global Systems,Project 17
Ethan Baker,1/13/2024,1,Global Systems,Project 16
Harper Adams,1/13/2024,2,NextGen Analytics,Project 21
James Anderson,1/12/2024,5,Global Systems,Project 16
James Anderson,1/12/2024,7,Global Systems,Project 17
James Anderson,1/12/2024,1,Global Systems,Project 19
Sophia Martinez,1/12/2024,8,Global Systems,Project 17
Sophia Martinez,1/12/2024,8,Global Systems,Project 16
Sophia Martinez,1/12/2024,6,Global Systems,Project 19
Sophia Martinez,1/12/2024,8,Global Systems,Project 15
Michael Brown,1/12/2024,5,Innovate Ltd,Project 11
Emily Davis,1/12/2024,8,Global Systems,Project 15
Emily Davis,1/12/2024,7,Global Systems,Project 19
Olivia Taylor,1/12/2024,8,NextGen Analytics,Project 20
Olivia Taylor,1/12/2024,7,NextGen Analytics,Project 20
Olivia Taylor,1/12/2024,2,NextGen Analytics,Project 22
Ava Harris,1/12/2024,4,Acme Corp,Project 4
Alexander White,1/12/2024,2,Global Systems,Project 16
Alexander White,1/12/2024,1,Global Systems,Project 16
Benjamin Lewis,1/12/2024,7,NextGen Analytics,Project 21
Benjamin Lewis,1/12/2024,1,NextGen Analytics,Project 21
Benjamin Lewis,1/12/2024,6,NextGen Analytics,Project 22
Charlotte Walker,1/12/2024,6,Acme Corp,Project 3
Charlotte Walker,1/12/2024,2,Acme Corp,Project 4
Henry Hall,1/12/2024,4,Acme Corp,Project 1
Amelia Allen,1/12/2024,3,Innovate Ltd,Project 11
Lucas Young,1/12/2024,7,Tech Solutions,Project 9
Lucas Young,1/12/2024,8,Tech Solutions,Project 9
Isabella King,1/12/2024,4,Global Systems,Project 18
Isabella King,1/12/2024,5,Global Systems,Project 17
Mason Scott,1/12/2024,1,NextGen Analytics,Project 20
Ethan Baker,1/12/2024,4,Global Systems,Project 19
Ethan Baker,1/12/2024,6,Global Systems,Project 15
Ethan Baker,1/12/2024,1,Global Systems,Project 16
James Anderson,1/11/2024,5,Global Systems,Project 15
James Anderson,1/11/2024,2,Global Systems,Project 18
Michael Brown,1/11/2024,3,Innovate Ltd,Project 13
Emily Davis,1/11/2024,6,Global Systems,Project 16
Emily Davis,1/11/2024,6,Global Systems,Project 19
Daniel Wilson,1/11/2024,1,Global Systems,Project 19
Ava Harris,1/11/2024,1,Acme Corp,Project 4
Alexander White,1/11/2024,3,Global Systems,Project 16
Mia Clark,1/11/2024,4,Innovate Ltd,Project 13
Mia Clark,1/11/2024,6,Innovate Ltd,Project 14
Benjamin Lewis,1/11/2024,8,NextGen Analytics,Project 24
Benjamin Lewis,1/11/2024,4,NextGen Analytics,Project 23
Benjamin Lewis,1/11/2024,8,NextGen Analytics,Project 24
Charlotte Walker,1/11/2024,2,Acme Corp,Project 4
Charlotte Walker,1/11/2024,2,Acme Corp,Project 3
Henry Hall,1/11/2024,6,Acme Corp,Project 4
Henry Hall,1/11/2024,5,Acme Corp,Project 5
Amelia Allen,1/11/2024,4,Innovate Ltd,Project 14
Amelia Allen,1/11/2024,6,Innovate Ltd,Project 14
Mason Scott,1/11/2024,8,NextGen Analytics,Project 23
Ethan Baker,1/11/2024,5,Global Systems,Project 18
Harper Adams,1/11/2024,4,NextGen Analytics,Project 21
James Anderson,1/10/2024,1,Global Systems,Project 16
Sophia Martinez,1/10/2024,4,Global Systems,Project 18
Michael Brown,1/10/2024,3,Innovate Ltd,Project 13
Michael Brown,1/10/2024,2,Innovate Ltd,Project 14
Michael Brown,1/10/2024,2,Innovate Ltd,Project 13
Michael Brown,1/10/2024,4,Innovate Ltd,Project 11
Emily Davis,1/10/2024,2,Global Systems,Project 15
Daniel Wilson,1/10/2024,3,Global Systems,Project 17
Olivia Taylor,1/10/2024,6,NextGen Analytics,Project 22
William Thomas,1/10/2024,2,NextGen Analytics,Project 24
William Thomas,1/10/2024,5,NextGen Analytics,Project 24
Ava Harris,1/10/2024,8,Acme Corp,Project 5
Alexander White,1/10/2024,3,Global Systems,Project 18
Benjamin Lewis,1/10/2024,2,NextGen Analytics,Project 22
Charlotte Walker,1/10/2024,3,Acme Corp,Project 4
Henry Hall,1/10/2024,1,Acme Corp,Project 5
Henry Hall,1/10/2024,8,Acme Corp,Project 3
Henry Hall,1/10/2024,3,Acme Corp,Project 4
Henry Hall,1/10/2024,5,Acme Corp,Project 4
Amelia Allen,1/10/2024,6,Innovate Ltd,Project 12
Isabella King,1/10/2024,7,Global Systems,Project 18
Isabella King,1/10/2024,4,Global Systems,Project 17
Mason Scott,1/10/2024,8,NextGen Analytics,Project 21
Mason Scott,1/10/2024,1,NextGen Analytics,Project 22
Mason Scott,1/10/2024,5,NextGen Analytics,Project 23
Emma Green,1/10/2024,2,NextGen Analytics,Project 24
Emma Green,1/10/2024,7,NextGen Analytics,Project 20
Ethan Baker,1/10/2024,7,Global Systems,Project 15
Ethan Baker,1/10/2024,6,Global Systems,Project 16
Ethan Baker,1/10/2024,6,Global Systems,Project 16
Harper Adams,1/10/2024,6,NextGen Analytics,Project 23
Harper Adams,1/10/2024,2,NextGen Analytics,Project 24
James Anderson,1/9/2024,3,Global Systems,Project 18
James Anderson,1/9/2024,8,Global Systems,Project 15
Sophia Martinez,1/9/2024,5,Global Systems,Project 16
Sophia Martinez,1/9/2024,7,Global Systems,Project 17
Michael Brown,1/9/2024,5,Innovate Ltd,Project 13
Michael Brown,1/9/2024,2,Innovate Ltd,Project 14
Emily Davis,1/9/2024,1,Global Systems,Project 19
Ava Harris,1/9/2024,6,Acme Corp,Project 4
Ava Harris,1/9/2024,4,Acme Corp,Project 4
Ava Harris,1/9/2024,4,Acme Corp,Project 5
Alexander White,1/9/2024,5,Global Systems,Project 19
Mia Clark,1/9/2024,4,Innovate Ltd,Project 11
Benjamin Lewis,1/9/2024,6,NextGen Analytics,Project 20
Benjamin Lewis,1/9/2024,2,NextGen Analytics,Project 23
Benjamin Lewis,1/9/2024,7,NextGen Analytics,Project 23
Charlotte Walker,1/9/2024,2,Acme Corp,Project 5
Charlotte Walker,1/9/2024,7,Acme Corp,Project 2
Charlotte Walker,1/9/2024,4,Acme Corp,Project 4
Charlotte Walker,1/9/2024,2,Acme Corp,Project 4
Amelia Allen,1/9/2024,1,Innovate Ltd,Project 14
Amelia Allen,1/9/2024,1,Innovate Ltd,Project 14
Amelia Allen,1/9/2024,7,Innovate Ltd,Project 12
Amelia Allen,1/9/2024,3,Innovate Ltd,Project 13
Lucas Young,1/9/2024,6,Tech Solutions,Project 7
Isabella King,1/9/2024,4,Global Systems,Project 19
Mason Scott,1/9/2024,8,NextGen Analytics,Project 24
Emma Green,1/9/2024,3,NextGen Analytics,Project 23
Emma Green,1/9/2024,8,NextGen Analytics,Project 24
Emma Green,1/9/2024,1,NextGen Analytics,Project 21
Ethan Baker,1/9/2024,7,Global Systems,Project 15
Harper Adams,1/9/2024,6,NextGen Analytics,Project 23
Harper Adams,1/9/2024,3,NextGen Analytics,Project 23
James Anderson,1/8/2024,5,Global Systems,Project 18
James Anderson,1/8/2024,6,Global Systems,Project 19
Sophia Martinez,1/8/2024,8,Global Systems,Project 17
Michael Brown,1/8/2024,5,Innovate Ltd,Project 11
Michael Brown,1/8/2024,4,Innovate Ltd,Project 14
Michael Brown,1/8/2024,6,Innovate Ltd,Project 12
Emily Davis,1/8/2024,5,Global Systems,Project 15
William Thomas,1/8/2024,2,NextGen Analytics,Project 21
Ava Harris,1/8/2024,3,Acme Corp,Project 5
Ava Harris,1/8/2024,6,Acme Corp,Project 5
Ava Harris,1/8/2024,2,Acme Corp,Project 4
Ava Harris,1/8/2024,2,Acme Corp,Project 3
Alexander White,1/8/2024,4,Global Systems,Project 16
Mia Clark,1/8/2024,5,Innovate Ltd,Project 14
Mia Clark,1/8/2024,7,Innovate Ltd,Project 12
Mia Clark,1/8/2024,3,Innovate Ltd,Project 13
Benjamin Lewis,1/8/2024,7,NextGen Analytics,Project 24
Benjamin Lewis,1/8/2024,2,NextGen Analytics,Project 24
Benjamin Lewis,1/8/2024,5,NextGen Analytics,Project 21
Benjamin Lewis,1/8/2024,5,NextGen Analytics,Project 20
Charlotte Walker,1/8/2024,1,Acme Corp,Project 1
Charlotte Walker,1/8/2024,2,Acme Corp,Project 2
Charlotte Walker,1/8/2024,5,Acme Corp,Project 5
Henry Hall,1/8/2024,5,Acme Corp,Project 1
Amelia Allen,1/8/2024,1,Innovate Ltd,Project 13
Lucas Young,1/8/2024,4,Tech Solutions,Project 10
Lucas Young,1/8/2024,7,Tech Solutions,Project 6
Mason Scott,1/8/2024,1,NextGen Analytics,Project 22
Mason Scott,1/8/2024,4,NextGen Analytics,Project 21
Mason Scott,1/8/2024,2,NextGen Analytics,Project 20
Emma Green,1/8/2024,2,NextGen Analytics,Project 23
Ethan Baker,1/8/2024,4,Global Systems,Project 16
Ethan Baker,1/8/2024,6,Global Systems,Project 19
Michael Brown,1/7/2024,5,Innovate Ltd,Project 11
Michael Brown,1/7/2024,5,Innovate Ltd,Project 12
Olivia Taylor,1/7/2024,6,NextGen Analytics,Project 23
Olivia Taylor,1/7/2024,7,NextGen Analytics,Project 21
William Thomas,1/7/2024,5,NextGen Analytics,Project 20
William Thomas,1/7/2024,2,NextGen Analytics,Project 21
William Thomas,1/7/2024,1,NextGen Analytics,Project 20
Ava Harris,1/7/2024,4,Acme Corp,Project 2
Ava Harris,1/7/2024,2,Acme Corp,Project 1
Alexander White,1/7/2024,1,Global Systems,Project 18
Alexander White,1/7/2024,8,Global Systems,Project 16
Mia Clark,1/7/2024,6,Innovate Ltd,Project 13
Mia Clark,1/7/2024,8,Innovate Ltd,Project 11
Mia Clark,1/7/2024,4,Innovate Ltd,Project 13
Benjamin Lewis,1/7/2024,7,NextGen Analytics,Project 24
Benjamin Lewis,1/7/2024,6,NextGen Analytics,Project 24
Charlotte Walker,1/7/2024,8,Acme Corp,Project 2
Henry Hall,1/7/2024,8,Acme Corp,Project 1
Isabella King,1/7/2024,1,Global Systems,Project 16
Mason Scott,1/7/2024,2,NextGen Analytics,Project 22
Mason Scott,1/7/2024,7,NextGen Analytics,Project 23
Emma Green,1/7/2024,3,NextGen Analytics,Project 20
Emma Green,1/7/2024,4,NextGen Analytics,Project 24
Emma Green,1/7/2024,1,NextGen Analytics,Project 20
Ethan Baker,1/7/2024,4,Global Systems,Project 19
Harper Adams,1/7/2024,5,NextGen Analytics,Project 21
James Anderson,1/6/2024,7,Global Systems,Project 19
Sophia Martinez,1/6/2024,6,Global Systems,Project 19
Michael Brown,1/6/2024,8,Innovate Ltd,Project 13
William Thomas,1/6/2024,4,NextGen Analytics,Project 23
William Thomas,1/6/2024,4,NextGen Analytics,Project 23
Ava Harris,1/6/2024,5,Acme Corp,Project 5
Ava Harris,1/6/2024,3,Acme Corp,Project 2
Benjamin Lewis,1/6/2024,3,NextGen Analytics,Project 21
Benjamin Lewis,1/6/2024,1,NextGen Analytics,Project 20
Benjamin Lewis,1/6/2024,2,NextGen Analytics,Project 21
Charlotte Walker,1/6/2024,1,Acme Corp,Project 2
Charlotte Walker,1/6/2024,6,Acme Corp,Project 1
Charlotte Walker,1/6/2024,3,Acme Corp,Project 3
Charlotte Walker,1/6/2024,5,Acme Corp,Project 1
Henry Hall,1/6/2024,7,Acme Corp,Project 5
Henry Hall,1/6/2024,5,Acme Corp,Project 4
Isabella King,1/6/2024,8,Global Systems,Project 15
Isabella King,1/6/2024,5,Global Systems,Project 19
Mason Scott,1/6/2024,3,NextGen Analytics,Project 23
Emma Green,1/6/2024,6,NextGen Analytics,Project 21
Emma Green,1/6/2024,7,NextGen Analytics,Project 21
Ethan Baker,1/6/2024,6,Global Systems,Project 15
Ethan Baker,1/6/2024,2,Global Systems,Project 19
Harper Adams,1/6/2024,2,NextGen Analytics,Project 22
Harper Adams,1/6/2024,6,NextGen Analytics,Project 23
James Anderson,1/5/2024,7,Global Systems,Project 18
Sophia Martinez,1/5/2024,5,Global Systems,Project 16
Michael Brown,1/5/2024,4,Innovate Ltd,Project 11
Emily Davis,1/5/2024,8,Global Systems,Project 19
Emily Davis,1/5/2024,2,Global Systems,Project 17
Emily Davis,1/5/2024,6,Global Systems,Project 17
Olivia Taylor,1/5/2024,5,NextGen Analytics,Project 24
Olivia Taylor,1/5/2024,8,NextGen Analytics,Project 24
Olivia Taylor,1/5/2024,8,NextGen Analytics,Project 22
Olivia Taylor,1/5/2024,8,NextGen Analytics,Project 23
William Thomas,1/5/2024,1,NextGen Analytics,Project 24
Ava Harris,1/5/2024,6,Acme Corp,Project 5
Mia Clark,1/5/2024,8,Innovate Ltd,Project 12
Mia Clark,1/5/2024,5,Innovate Ltd,Project 14
Mia Clark,1/5/2024,6,Innovate Ltd,Project 11
Mia Clark,1/5/2024,5,Innovate Ltd,Project 14
Benjamin Lewis,1/5/2024,5,NextGen Analytics,Project 24
Charlotte Walker,1/5/2024,8,Acme Corp,Project 1
Charlotte Walker,1/5/2024,7,Acme Corp,Project 2
Henry Hall,1/5/2024,2,Acme Corp,Project 2
Henry Hall,1/5/2024,8,Acme Corp,Project 4
Henry Hall,1/5/2024,6,Acme Corp,Project 5
Henry Hall,1/5/2024,4,Acme Corp,Project 5
Lucas Young,1/5/2024,5,Tech Solutions,Project 8
Isabella King,1/5/2024,6,Global Systems,Project 17
Isabella King,1/5/2024,5,Global Systems,Project 18
Isabella King,1/5/2024,7,Global Systems,Project 17
Mason Scott,1/5/2024,1,NextGen Analytics,Project 23
Mason Scott,1/5/2024,7,NextGen Analytics,Project 21
Mason Scott,1/5/2024,6,NextGen Analytics,Project 23
Emma Green,1/5/2024,7,NextGen Analytics,Project 24
Emma Green,1/5/2024,3,NextGen Analytics,Project 20
Harper Adams,1/5/2024,6,NextGen Analytics,Project 22
Sophia Martinez,1/4/2024,1,Global Systems,Project 16
Michael Brown,1/4/2024,4,Innovate Ltd,Project 12
Michael Brown,1/4/2024,3,Innovate Ltd,Project 13
Michael Brown,1/4/2024,8,Innovate Ltd,Project 14
Michael Brown,1/4/2024,8,Innovate Ltd,Project 14
Michael Brown,1/4/2024,6,Innovate Ltd,Project 13
Michael Brown,1/4/2024,6,Innovate Ltd,Project 11
Emily Davis,1/4/2024,5,Global Systems,Project 19
Emily Davis,1/4/2024,6,Global Systems,Project 17
Emily Davis,1/4/2024,1,Global Systems,Project 19
William Thomas,1/4/2024,4,NextGen Analytics,Project 24
William Thomas,1/4/2024,8,NextGen Analytics,Project 24
Ava Harris,1/4/2024,1,Acme Corp,Project 1
Mia Clark,1/4/2024,2,Innovate Ltd,Project 13
Mia Clark,1/4/2024,7,Innovate Ltd,Project 12
Mia Clark,1/4/2024,8,Innovate Ltd,Project 14
Benjamin Lewis,1/4/2024,6,NextGen Analytics,Project 20
Henry Hall,1/4/2024,7,Acme Corp,Project 1
Henry Hall,1/4/2024,8,Acme Corp,Project 4
Lucas Young,1/4/2024,6,Tech Solutions,Project 10
Lucas Young,1/4/2024,3,Tech Solutions,Project 7
Lucas Young,1/4/2024,6,Tech Solutions,Project 9
Mason Scott,1/4/2024,7,NextGen Analytics,Project 21
Mason Scott,1/4/2024,5,NextGen Analytics,Project 22
Mason Scott,1/4/2024,2,NextGen Analytics,Project 22
Emma Green,1/4/2024,4,NextGen Analytics,Project 21
Emma Green,1/4/2024,5,NextGen Analytics,Project 24
Emma Green,1/4/2024,7,NextGen Analytics,Project 21
Ethan Baker,1/4/2024,4,Global Systems,Project 19
Ethan Baker,1/4/2024,3,Global Systems,Project 19
Harper Adams,1/4/2024,7,NextGen Analytics,Project 21
James Anderson,1/3/2024,6,Global Systems,Project 19
James Anderson,1/3/2024,3,Global Systems,Project 16
Sophia Martinez,1/3/2024,3,Global Systems,Project 16
Michael Brown,1/3/2024,8,Innovate Ltd,Project 13
Emily Davis,1/3/2024,7,Global Systems,Project 19
Emily Davis,1/3/2024,8,Global Systems,Project 18
Olivia Taylor,1/3/2024,3,NextGen Analytics,Project 21
William Thomas,1/3/2024,7,NextGen Analytics,Project 24
Ava Harris,1/3/2024,4,Acme Corp,Project 1
Ava Harris,1/3/2024,1,Acme Corp,Project 3
Mia Clark,1/3/2024,6,Innovate Ltd,Project 13
Charlotte Walker,1/3/2024,1,Acme Corp,Project 1
Lucas Young,1/3/2024,4,Tech Solutions,Project 9
Lucas Young,1/3/2024,3,Tech Solutions,Project 9
Isabella King,1/3/2024,3,Global Systems,Project 15
Isabella King,1/3/2024,7,Global Systems,Project 19
Mason Scott,1/3/2024,3,NextGen Analytics,Project 23
Mason Scott,1/3/2024,6,NextGen Analytics,Project 20
Emma Green,1/3/2024,5,NextGen Analytics,Project 22
Ethan Baker,1/3/2024,5,Global Systems,Project 16
Harper Adams,1/3/2024,4,NextGen Analytics,Project 23
Harper Adams,1/3/2024,5,NextGen Analytics,Project 22
James Anderson,1/2/2024,6,Global Systems,Project 19
James Anderson,1/2/2024,4,Global Systems,Project 18
James Anderson,1/2/2024,1,Global Systems,Project 17
James Anderson,1/2/2024,2,Global Systems,Project 18
Sophia Martinez,1/2/2024,7,Global Systems,Project 17
Sophia Martinez,1/2/2024,4,Global Systems,Project 18
Michael Brown,1/2/2024,4,Innovate Ltd,Project 14
Michael Brown,1/2/2024,8,Innovate Ltd,Project 13
Michael Brown,1/2/2024,1,Innovate Ltd,Project 12
Emily Davis,1/2/2024,2,Global Systems,Project 16
Emily Davis,1/2/2024,2,Global Systems,Project 15
Daniel Wilson,1/2/2024,4,Global Systems,Project 16
Olivia Taylor,1/2/2024,8,NextGen Analytics,Project 20
William Thomas,1/2/2024,5,NextGen Analytics,Project 24
William Thomas,1/2/2024,2,NextGen Analytics,Project 21
Ava Harris,1/2/2024,1,Acme Corp,Project 4
Ava Harris,1/2/2024,7,Acme Corp,Project 2
Alexander White,1/2/2024,1,Global Systems,Project 15
Mia Clark,1/2/2024,1,Innovate Ltd,Project 14
Mia Clark,1/2/2024,8,Innovate Ltd,Project 14
Benjamin Lewis,1/2/2024,4,NextGen Analytics,Project 22
Benjamin Lewis,1/2/2024,5,NextGen Analytics,Project 22
Henry Hall,1/2/2024,8,Acme Corp,Project 4
Henry Hall,1/2/2024,5,Acme Corp,Project 5
Amelia Allen,1/2/2024,8,Innovate Ltd,Project 11
Amelia Allen,1/2/2024,2,Innovate Ltd,Project 12
Isabella King,1/2/2024,7,Global Systems,Project 18
Mason Scott,1/2/2024,2,NextGen Analytics,Project 20
Mason Scott,1/2/2024,1,NextGen Analytics,Project 20
Emma Green,1/2/2024,2,NextGen Analytics,Project 23
Ethan Baker,1/2/2024,5,Global Systems,Project 19
Harper Adams,1/2/2024,4,NextGen Analytics,Project 21
Harper Adams,1/2/2024,8,NextGen Analytics,Project 20
Michael Brown,1/1/2024,7,Innovate Ltd,Project 14
Michael Brown,1/1/2024,5,Innovate Ltd,Project 12
Michael Brown,1/1/2024,7,Innovate Ltd,Project 11
Michael Brown,1/1/2024,6,Innovate Ltd,Project 13
Michael Brown,1/1/2024,7,Innovate Ltd,Project 14
Michael Brown,1/1/2024,2,Innovate Ltd,Project 13
Emily Davis,1/1/2024,1,Global Systems,Project 15
Emily Davis,1/1/2024,7,Global Systems,Project 18
Emily Davis,1/1/2024,5,Global Systems,Project 19
Emily Davis,1/1/2024,7,Global Systems,Project 16
Olivia Taylor,1/1/2024,3,NextGen Analytics,Project 21
Olivia Taylor,1/1/2024,1,NextGen Analytics,Project 24
Olivia Taylor,1/1/2024,6,NextGen Analytics,Project 23
William Thomas,1/1/2024,5,NextGen Analytics,Project 22
William Thomas,1/1/2024,4,NextGen Analytics,Project 21
William Thomas,1/1/2024,7,NextGen Analytics,Project 21
Ava Harris,1/1/2024,7,Acme Corp,Project 1
Alexander White,1/1/2024,7,Global Systems,Project 15
Alexander White,1/1/2024,8,Global Systems,Project 18
Alexander White,1/1/2024,8,Global Systems,Project 15
Mia Clark,1/1/2024,7,Innovate Ltd,Project 13
Benjamin Lewis,1/1/2024,3,NextGen Analytics,Project 20
Charlotte Walker,1/1/2024,8,Acme Corp,Project 4
Charlotte Walker,1/1/2024,8,Acme Corp,Project 4
Henry Hall,1/1/2024,7,Acme Corp,Project 2
Amelia Allen,1/1/2024,6,Innovate Ltd,Project 13
Lucas Young,1/1/2024,1,Tech Solutions,Project 9
Mason Scott,1/1/2024,8,NextGen Analytics,Project 22
Mason Scott,1/1/2024,2,NextGen Analytics,Project 24
Ethan Baker,1/1/2024,4,Global Systems,Project 18
Harper Adams,1/1/2024,1,NextGen Analytics,Project 24
